City_ID,City,Lat,Lng,Max Temp,Humidity,Cloudiness,Wind Speed,Country,Date
0,ilulissat,69.2167,-51.1,7.01,76,0,2.06,GL,1690432388
1,bethel,41.3712,-73.414,24.72,81,0,4.12,US,1690432388
2,st. john's,47.5649,-52.7093,19.04,82,100,8.75,CA,1690432208
3,adamstown,-25.066,-130.1015,19.5,60,28,3.87,PN,1690432388
4,boguchany,58.3814,97.4531,26.91,45,57,2.75,RU,1690432389
5,iskateley,67.6803,53.1512,20.74,58,90,2.44,RU,1690432389
6,port-aux-francais,-49.35,70.2167,4.61,79,83,15.3,TF,1690432249
7,i-n-salah,27.1935,2.4607,35.39,14,0,2.95,DZ,1690432389
8,olonkinbyen,70.9221,-8.7187,4.68,89,100,4.39,SJ,1690432389
9,winslow,35.0242,-110.6974,27.1,29,0,4.12,US,1690432390
10,val-d'or,48.1002,-77.7828,18.05,100,100,2.06,CA,1690432390
11,badger,64.8,-147.5333,29.17,57,0,0.0,US,1690432298
12,hamilton,39.1834,-84.5333,28.43,75,75,6.17,US,1690432124
13,okha,53.5739,142.9478,16.32,86,100,2.73,RU,1690432390
14,qaqortoq,60.7167,-46.0333,6.83,81,94,3.65,GL,1690432157
15,namtsy,62.7161,129.6658,24.71,35,85,2.33,RU,1690432390
16,puerto ayora,-0.7393,-90.3518,24.75,93,86,2.24,EC,1690432358
17,arteche,12.2645,125.4048,31.5,62,98,2.98,PH,1690432391
18,grytviken,-54.2811,-36.5092,0.98,99,100,5.68,GS,1690432392
19,puerto natales,-51.7236,-72.4875,-2.18,94,100,1.22,CL,1690432361
20,iqaluit,63.7506,-68.5145,6.85,87,75,1.03,CA,1690432212
21,west island,-12.1568,96.8225,25.99,73,75,10.29,CC,1690432392
22,hithadhoo,-0.6,73.0833,28.38,78,29,6.85,MV,1690432392
23,ushuaia,-54.8,-68.3,-0.19,69,75,2.57,AR,1690432230
24,san antonio de pale,-1.4014,5.6325,22.81,90,100,5.04,GQ,1690432393
25,paide,58.8856,25.5572,13.67,84,99,2.12,EE,1690432393
26,vila velha,-20.3297,-40.2925,19.97,94,0,1.03,BR,1690432393
27,waitangi,-43.9535,-176.5597,7.12,54,91,7.32,NZ,1690432394
28,wailea,19.8858,-155.123,24.61,97,100,4.63,US,1690432394
29,izyum,49.2088,37.2485,25.08,51,3,3.99,UA,1690432394
30,kingston,17.997,-76.7936,28.47,85,75,9.26,JM,1690432277
31,albany,42.6001,-73.9662,23.25,83,100,0.89,US,1690432202
32,zapopan,20.7167,-103.4,16.86,96,100,0.7,MX,1690432395
33,wajir,1.7471,40.0573,22.98,78,0,3.6,KE,1690432395
34,howard springs,-12.497,131.047,28.23,29,100,1.1,AU,1690432395
35,anadyr,64.75,177.4833,12.28,87,75,6.0,RU,1690432395
36,punta arenas,-53.15,-70.9167,-1.0,82,21,3.73,CL,1690432334
37,luganville,-15.5333,167.1667,22.51,82,100,5.94,VU,1690432396
38,kaya,13.0917,-1.0844,28.19,61,100,4.51,BF,1690432396
39,college,64.8569,-147.8028,29.21,57,75,0.45,US,1690432396
40,weiser,44.251,-116.9693,28.11,26,0,3.75,US,1690432397
41,utrik,11.2278,169.8474,27.89,81,100,7.73,MH,1690432272
42,yuzhno-kurilsk,44.0306,145.8556,22.28,80,98,1.28,RU,1690432398
43,tarko-sale,64.9225,77.785,25.79,48,97,3.88,RU,1690432398
44,kapuskasing,49.4169,-82.4331,16.05,100,75,0.0,CA,1690432398
45,kandyagash,49.4744,57.4233,27.96,36,5,4.23,KZ,1690432399
46,bamboo flat,11.7,92.7167,30.05,79,40,6.69,IN,1690432399
47,viedma,-40.8135,-62.9967,4.27,74,99,2.54,AR,1690432198
48,port elizabeth,-33.918,25.5701,14.16,82,0,6.69,ZA,1690432399
49,grand falls-windsor,48.9332,-55.6649,16.1,96,14,2.73,CA,1690432399
50,nicoya,10.1483,-85.452,24.58,89,98,0.66,CR,1690432400
51,alice springs,-23.7,133.8833,22.75,53,100,7.72,AU,1690432400
52,dwarka,22.2394,68.9678,28.46,81,100,7.81,IN,1690432400
53,atafu village,-8.5421,-172.5159,28.69,75,96,8.15,TK,1690432401
54,new plymouth,-39.0667,174.0833,9.62,58,45,8.74,NZ,1690432392
55,bomadi,5.1593,5.9252,23.9,95,100,1.59,NG,1690432401
56,tromso,69.6496,18.957,12.43,87,20,6.17,NO,1690432401
57,guerrero negro,27.9769,-114.0611,21.02,80,2,4.76,MX,1690432401
58,georgetown,5.4112,100.3354,31.96,79,20,2.57,MY,1690432124
59,akureyri,65.6835,-18.0878,8.69,83,100,1.91,IS,1690432402
60,lihue,21.9789,-159.3672,28.58,74,0,6.17,US,1690432402
61,natal,-5.795,-35.2094,23.36,100,75,3.6,BR,1690432387
62,katsuura,35.1333,140.3,28.91,70,45,4.81,JP,1690432403
63,port mathurin,-19.6833,63.4167,23.56,80,32,7.62,MU,1690432264
64,major isidoro,-9.5322,-36.985,18.27,95,61,1.11,BR,1690432403
65,port alfred,-33.5906,26.891,15.42,86,55,8.75,ZA,1690432387
66,san-pedro,4.7485,-6.6363,23.6,94,92,2.16,CI,1690432404
67,zhangatas,43.5667,69.75,33.84,22,74,8.15,KZ,1690432404
68,bonthe,7.5264,-12.505,24.45,91,97,2.41,SL,1690432369
69,wailua homesteads,22.0669,-159.378,28.24,80,0,6.17,US,1690432404
70,altay,47.8667,88.1167,32.83,17,9,4.51,CN,1690432405
71,thunder bay,48.4001,-89.3168,17.99,94,20,2.06,CA,1690432405
72,laguna,38.421,-121.4238,27.95,52,0,4.63,US,1690432405
73,dudinka,69.4058,86.1778,27.57,50,75,2.82,RU,1690432405
74,oranjemund,-28.55,16.4333,11.09,71,0,2.46,NA,1690432406
75,lazaro cardenas,17.9583,-102.2,27.36,80,83,2.31,MX,1690432406
76,la'ie,21.6477,-157.9253,28.98,74,15,2.68,US,1690432372
77,puerto ayacucho,5.6639,-67.6236,24.5,89,100,1.63,VE,1690432406
78,jamestown,42.097,-79.2353,23.77,96,75,3.6,US,1690432235
79,tiksi,71.6872,128.8694,7.55,73,54,2.55,RU,1690432407
80,hawaiian paradise park,19.5933,-154.9731,24.94,97,100,4.63,US,1690432220
81,caleta de carquin,-11.0925,-77.6267,19.28,82,71,3.11,PE,1690432407
82,la ronge,55.1001,-105.2842,12.14,82,100,4.63,CA,1690432407
83,lebu,-37.6167,-73.65,8.59,86,94,0.76,CL,1690432353
84,belyy yar,53.6039,91.3903,21.94,64,0,2.0,RU,1690432408
85,peniche,39.3558,-9.3811,19.6,83,98,7.49,PT,1690432408
86,whitehorse,60.7161,-135.0538,17.79,79,100,2.06,CA,1690432408
87,edinburgh of the seven seas,-37.0676,-12.3116,10.71,55,71,9.37,SH,1690432409
88,talnakh,69.4865,88.3972,27.34,42,45,1.94,RU,1690432409
89,pacasmayo,-7.4006,-79.5714,20.71,84,26,5.26,PE,1690432409
90,bilibino,68.0546,166.4372,11.34,69,100,1.39,RU,1690432238
91,brisas de zicatela,15.8369,-97.0419,26.75,82,100,2.83,MX,1690432410
92,den burg,53.0542,4.7972,15.54,98,100,5.14,NL,1690432410
93,island harbour,50.724,-1.2758,17.74,96,100,3.13,GB,1690432410
94,tanjung pandan,-2.75,107.65,31.69,57,14,4.75,ID,1690432389
95,abepura,-2.6333,140.5833,29.45,70,40,2.57,ID,1690432411
96,touros,-5.1989,-35.4608,23.96,88,47,4.93,BR,1690432411
97,papatowai,-46.5619,169.4708,6.57,83,100,8.47,NZ,1690432411
98,bredasdorp,-34.5322,20.0403,8.51,90,0,2.06,ZA,1690432411
99,carahue,-38.7,-73.1667,6.08,95,98,1.01,CL,1690432412
100,stanley,54.868,-1.6985,13.62,92,75,1.54,GB,1690432412
101,constantia,44.1833,28.65,20.39,87,99,6.84,RO,1690432230
102,arawa,-6.2132,155.5367,29.82,74,75,2.2,PG,1690432413
103,polyarnyy,69.1989,33.4478,10.95,93,100,0.58,RU,1690432402
104,zhangye,38.9342,100.4517,33.67,13,51,2.15,CN,1690432414
105,bay roberts,47.5999,-53.2648,18.86,89,66,1.34,CA,1690432414
106,nova sintra,14.8667,-24.7167,22.96,85,77,6.94,CV,1690432414
107,keflavik,64.0049,-22.5624,9.24,87,0,4.12,IS,1690432319
108,uturoa,-16.7333,-151.4333,25.77,83,45,4.27,PF,1690432367
109,krutinka,56.0055,71.5113,22.34,50,14,3.74,RU,1690432415
110,toba,34.4833,136.85,32.0,67,73,4.59,JP,1690432415
111,argo,37.6333,22.7333,29.88,47,0,2.15,GR,1690432416
112,palangkaraya,-2.2,113.8333,33.13,42,78,1.95,ID,1690432416
113,tokar,18.4254,37.729,32.65,46,19,16.76,SD,1690432416
114,mejit,10.2753,170.8646,28.11,80,100,7.36,MH,1690432417
115,isafjordur,66.0755,-23.124,6.69,88,96,5.18,IS,1690432417
116,aasiaat,68.7098,-52.8699,2.76,95,28,4.37,GL,1690432418
117,naliya,23.2667,68.8333,29.91,73,100,7.31,IN,1690432418
118,daugavpils,55.8833,26.5333,13.36,87,100,2.41,LV,1690432418
119,ancud,-41.8697,-73.8203,8.07,95,100,3.02,CL,1690432418
120,bengkulu,-3.8004,102.2655,29.21,66,46,4.94,ID,1690432419
121,celestun,20.8667,-90.4,25.84,86,100,4.14,MX,1690432419
122,longyearbyen,78.2186,15.6401,10.91,76,40,1.54,SJ,1690432419
123,ribeira grande,38.5167,-28.7,22.65,96,62,3.13,PT,1690432364
124,namie,37.4833,141.0,37.62,60,8,0.89,JP,1690432419
125,margaret river,-33.95,115.0667,13.63,69,99,5.88,AU,1690432419
126,remire-montjoly,4.9167,-52.2667,25.02,94,100,0.0,GF,1690432420
127,ambovombe,-25.1667,46.0833,18.48,58,0,7.12,MG,1690432420
128,sinabang,2.4803,96.3801,29.58,69,83,1.85,ID,1690432420
129,hasaki,35.7333,140.8333,39.05,71,15,5.84,JP,1690432420
130,garissa,-0.4536,39.6401,23.97,72,55,8.5,KE,1690432420
131,blackmans bay,-43.0167,147.3167,12.63,71,100,2.27,AU,1690432237
132,tazacorte,28.629,-17.9293,21.54,85,75,4.12,ES,1690432421
133,borzya,50.3833,116.5167,25.4,41,3,5.27,RU,1690432168
134,lukolela,-1.0605,17.1821,22.42,74,100,1.78,CD,1690432421
135,enewetak,11.3474,162.3373,28.55,78,100,6.36,MH,1690432422
136,avarua,-21.2078,-159.775,22.03,78,75,1.03,CK,1690432422
137,okondja,-0.6549,13.6753,22.18,86,64,1.04,GA,1690432422
138,port lincoln,-34.7333,135.8667,17.63,65,97,7.69,AU,1690432422
139,warman,52.3168,-106.5679,15.95,72,75,3.09,CA,1690432422
140,pulgaon,20.7333,78.3333,31.13,66,99,4.72,IN,1690432422
141,avanigadda,16.0215,80.9181,26.9,82,100,7.89,IN,1690432422
142,carnarvon,-24.8667,113.6333,18.61,46,12,7.07,AU,1690432423
143,rikaze,29.25,88.8833,10.6,81,100,0.71,CN,1690432423
144,reggane,26.7158,0.1714,36.61,15,14,2.32,DZ,1690432423
145,shingu,33.7333,135.9833,31.17,61,90,2.66,JP,1690432423
146,suva,-18.1416,178.4415,19.71,94,100,2.57,FJ,1690432423
147,geraldton,-28.7667,114.6,17.23,63,75,3.6,AU,1690432424
148,masterton,-40.9597,175.6575,9.38,86,88,3.44,NZ,1690432424
149,yanykurgan,43.915,67.2481,37.16,18,97,4.98,KZ,1690432424
150,el sauzal de rodriguez,31.9,-116.6833,19.68,79,35,1.54,MX,1690432424
151,wick,58.4333,-3.0833,12.03,87,100,6.69,GB,1690432424
152,nogliki,51.8333,143.1667,18.89,91,100,2.66,RU,1690432424
153,palmer,42.1584,-72.3287,23.65,76,0,3.6,US,1690432348
154,aksaray,38.3726,34.0254,27.59,15,0,0.63,TR,1690432208
155,pariaman,-0.619,100.12,31.03,66,81,2.31,ID,1690432425
156,el dorado,38.7666,-120.5177,23.29,49,0,3.07,US,1690432425
157,vorgashor,67.5833,63.95,15.74,83,98,2.32,RU,1690432425
158,palikir - national government center,6.9248,158.1611,31.41,62,75,2.06,FM,1690432134
159,colonia,50.9333,6.95,15.72,85,75,3.6,DE,1690432316
160,minas de marcona,-15.2119,-75.1103,12.03,88,43,4.7,PE,1690432425
161,thompson,55.7435,-97.8558,12.09,100,100,1.03,CA,1690432426
162,rio grande,-32.035,-52.0986,11.08,90,1,6.34,BR,1690432307
163,pisco,-13.7,-76.2167,15.03,82,0,2.06,PE,1690432426
164,hermanus,-34.4187,19.2345,11.47,84,1,3.31,ZA,1690432287
165,saipan,15.1355,145.701,28.39,100,40,5.14,MP,1690432426
166,porbandar,21.6422,69.6093,28.99,84,40,5.14,IN,1690432426
167,kindu,-2.95,25.95,20.48,76,48,0.57,CD,1690432426
168,new amsterdam,6.25,-57.5167,23.53,98,5,0.81,GY,1690432426
169,taltal,-25.4,-70.4833,15.22,83,50,1.42,CL,1690432427
170,bani walid,31.7566,13.9942,23.3,78,0,3.46,LY,1690432427
171,yellowknife,62.456,-114.3525,22.29,37,40,3.6,CA,1690432272
172,ndofane,13.9167,-15.9333,26.69,85,49,3.13,SN,1690432427
173,hilo,19.7297,-155.09,24.58,96,100,4.63,US,1690432427
174,sao joao da barra,-21.6403,-41.0511,21.5,87,94,5.8,BR,1690432428
175,sunrise manor,36.2111,-115.0731,40.55,15,20,8.05,US,1690432428
176,tambacounda,13.7539,-13.7586,26.24,86,65,3.05,SN,1690432428
177,horta,38.5333,-28.6333,22.23,96,69,3.13,PT,1690432428
178,antofagasta,-23.65,-70.4,17.6,87,62,1.16,CL,1690432343
179,kavalerovo,44.2661,135.0572,33.78,35,33,3.06,RU,1690432428
180,mpumalanga,-26.0,30.0,4.89,87,0,1.22,ZA,1690432428
181,kununurra,-15.7667,128.7333,27.99,28,7,3.09,AU,1690432368
182,mount isa,-20.7333,139.5,25.87,50,75,5.66,AU,1690432241
183,namibe,-15.1961,12.1522,14.92,90,70,2.35,AO,1690432429
184,broken hill,-31.95,141.4333,20.36,31,31,7.88,AU,1690432202
185,miquelon,47.0975,-56.3814,17.0,93,2,4.33,PM,1690432429
186,prince albert,53.2001,-105.7677,14.97,100,75,3.09,CA,1690432430
187,kodiak,57.79,-152.4072,13.73,82,100,4.12,US,1690432359
188,nuuk,64.1835,-51.7216,7.34,87,100,1.54,GL,1690432248
189,ulladulla,-35.35,150.4667,21.21,31,0,3.28,AU,1690432430
190,meulaboh,4.1363,96.1285,29.76,66,86,1.79,ID,1690432430
191,tinghir,31.5157,-5.5343,28.33,13,0,2.3,MA,1690432430
192,birjand,32.8663,59.2211,29.26,24,0,5.14,IR,1690432430
193,ciudad general teran,25.2667,-99.6833,27.19,59,0,6.87,MX,1690432431
194,ola,59.5833,151.2833,16.75,98,100,2.72,RU,1690432431
195,piti village,13.4626,144.6933,29.49,79,0,6.17,GU,1690432431
196,yuksekova,37.5736,44.2872,16.86,67,20,0.0,TR,1690432431
197,chonchi,-42.6128,-73.8092,7.84,99,100,1.64,CL,1690432361
198,daru,-9.0763,143.2092,25.96,81,57,8.59,PG,1690432431
199,santo antonio,-6.3106,-35.4789,22.05,90,33,4.41,BR,1690432431
200,port shepstone,-30.7414,30.455,19.27,80,12,11.15,ZA,1690432432
201,serik,36.9169,31.0989,29.14,27,0,0.26,TR,1690432432
202,besikduzu,41.052,39.2284,25.94,59,0,1.52,TR,1690432432
203,newman,37.3138,-121.0208,29.13,10,0,2.74,US,1690432263
204,cartagena del chaira,1.3349,-74.8429,24.9,80,100,0.55,CO,1690432432
205,qamdo,31.1667,97.2333,12.81,44,98,2.26,CN,1690432432
206,afaahiti,-17.75,-149.2833,23.93,83,61,2.93,PF,1690432432
207,jinchang,38.4953,102.1739,29.81,29,90,5.44,CN,1690432433
208,nar'yan-mar,67.6713,53.087,20.78,58,89,2.45,RU,1690432433
209,dunedin,-45.8742,170.5036,7.67,60,67,5.36,NZ,1690432282
210,cabo san lucas,22.8909,-109.9124,30.9,77,51,1.79,MX,1690432424
211,marka,1.7159,44.7717,25.59,76,78,8.29,SO,1690432433
212,al jawf,29.5,38.75,30.49,17,60,2.92,SA,1690432433
213,nouadhibou,20.931,-17.0347,21.99,78,87,9.26,MR,1690432434
214,sitka,57.0531,-135.33,15.94,82,100,0.0,US,1690432434
215,fonte boa,-2.4959,-66.2662,26.3,72,76,0.66,BR,1690432434
216,kupang,-10.1667,123.5833,29.32,54,40,3.09,ID,1690432183
217,pemba,-12.974,40.5178,20.39,83,20,4.63,MZ,1690432434
218,axim,4.8699,-2.2405,24.36,90,96,2.3,GH,1690432434
219,klyuchi,52.2667,79.1667,22.7,48,100,5.61,RU,1690432435
220,sarmiento,-45.5882,-69.07,1.74,59,100,1.92,AR,1690432435
221,kindia,10.0569,-12.8658,21.03,99,97,0.48,GN,1690432435
222,palapye,-22.546,27.1251,10.67,80,28,2.57,BW,1690432435
223,kayyerkan,69.3786,87.7439,27.39,50,58,0.29,RU,1690432435
224,goundam,16.4145,-3.6708,32.92,39,94,5.06,ML,1690432436
225,weno,7.4515,151.8468,28.2,76,47,3.86,FM,1690432436
226,petropavlovsk-kamchatsky,53.0452,158.6483,20.33,68,40,7.0,RU,1690432436
227,marco island,25.9363,-81.7157,27.0,67,100,4.56,US,1690432436
228,amga,60.8953,131.9608,24.92,38,100,2.76,RU,1690432436
229,dalcahue,-42.3628,-73.7022,7.33,93,100,3.09,CL,1690432436
230,wangkui,46.8333,126.5,29.58,69,94,7.6,CN,1690432437
231,gobabis,-22.45,18.9667,10.43,31,8,3.13,NA,1690432437
232,howrah,22.5892,88.3103,30.0,84,40,4.12,IN,1690432437
233,richards bay,-28.783,32.0377,16.05,71,0,4.28,ZA,1690432432
234,acajutla,13.5928,-89.8275,27.36,75,15,2.61,SV,1690432437
235,fangshan,39.6983,115.9925,36.64,38,45,3.94,CN,1690432437
236,san patricio,28.017,-97.5169,29.36,77,43,5.72,US,1690432437
237,mariental,-24.6333,17.9667,10.53,20,0,3.59,NA,1690432437
238,vallenar,-28.5708,-70.7581,15.88,72,100,1.63,CL,1690432438
239,gumla,23.05,84.55,28.19,72,95,4.84,IN,1690432438
240,vrangel',42.7297,133.0839,23.58,79,59,3.28,RU,1690432289
241,ishinomaki,38.4167,141.3,31.0,60,0,2.56,JP,1690432438
242,port-vila,-17.7338,168.3219,22.78,64,75,8.75,VU,1690432438
243,rongelap,11.1635,166.8941,28.55,76,100,7.93,MH,1690432438
244,east london,-33.0153,27.9116,15.52,77,0,4.63,ZA,1690432438
245,jackson,42.4165,-122.8345,26.93,26,0,3.6,US,1690432233
246,benghazi,32.1167,20.0667,27.86,85,0,6.12,LY,1690432439
247,arno,60.1167,18.6333,13.35,79,97,2.94,SE,1690432439
248,wuwei,37.9281,102.6414,30.19,29,100,5.18,CN,1690432439
249,arraial do cabo,-22.9661,-42.0278,20.96,90,54,9.78,BR,1690432433
250,mkushi,-13.6202,29.3939,10.15,87,0,2.05,ZM,1690432439
251,tshikapa,-6.4167,20.8,20.77,38,44,1.03,CD,1690432439
252,isola di capo rizzuto,38.96,17.0933,21.77,46,0,2.87,IT,1690432440
253,mudanya,40.3753,28.8822,25.92,64,61,7.14,TR,1690432440
254,ranau,5.9538,116.6641,30.08,51,99,0.5,MY,1690432440
255,rio verde de mato grosso,-18.9181,-54.8442,22.81,35,0,1.05,BR,1690432440
256,oliena,40.2723,9.403,19.57,63,5,2.12,IT,1690432440
257,lerwick,60.1545,-1.1494,9.0,86,0,0.93,GB,1690432440
258,kibaha,-6.7667,38.9167,21.29,79,69,2.09,TZ,1690432441
259,kuala belait,4.5833,114.1833,32.09,61,55,4.61,BN,1690432441
260,xining,36.6167,101.7667,18.34,67,100,2.41,CN,1690432441
261,torghay,49.6339,63.4981,27.48,43,1,3.36,KZ,1690432441
262,nizhneangarsk,55.7833,109.55,13.05,89,99,2.33,RU,1690432441
263,luebo,-5.35,21.4167,20.14,43,31,0.71,CD,1690432441
264,rouissat,31.9243,5.3502,32.04,45,0,2.57,DZ,1690432441
265,qusmuryn,52.4503,64.6311,25.72,46,39,3.09,KZ,1690432442
266,egilsstadir,65.2653,-14.3948,5.95,93,100,5.66,IS,1690432442
267,fort bragg,35.139,-79.006,27.32,84,0,3.6,US,1690432200
268,niafunke,15.9322,-3.9906,32.2,40,100,5.08,ML,1690432443
269,san luis,-33.295,-66.3356,9.32,44,97,3.13,AR,1690432280
270,noumea,-22.2763,166.4572,21.99,65,39,7.73,NC,1690432444
271,beichengqu,40.4394,113.1536,30.31,37,100,2.98,CN,1690432444
272,ephraim,39.3597,-111.5863,20.7,65,80,2.27,US,1690432445
273,klaksvik,62.2266,-6.589,8.51,90,81,4.06,FO,1690432445
274,ixtapa,20.7,-105.2,25.57,94,75,2.06,MX,1690432445
275,zouerate,22.7187,-12.4521,27.46,29,26,6.76,MR,1690432446
276,karratha,-20.7377,116.8463,24.33,39,76,5.64,AU,1690432446
277,shizunai-furukawacho,42.3339,142.3669,25.0,84,92,2.49,JP,1690432447
278,manokwari,-0.8667,134.0833,28.41,74,43,2.94,ID,1690432447
279,praia,14.9215,-23.5087,26.3,89,75,5.66,CV,1690432448
280,panacan,9.2463,118.4082,28.99,76,85,7.83,PH,1690432448
281,realeza,-25.7689,-53.5325,14.47,95,26,1.46,BR,1690432448
282,road town,18.4167,-64.6167,28.05,79,100,7.93,VG,1690432363
283,markaz-e hukumat-e darweshan,31.1323,64.1934,37.73,20,1,6.77,AF,1690432449
284,coahuayana de hidalgo,18.7,-103.6583,27.15,84,89,0.88,MX,1690432449
285,fale old settlement,-9.3852,-171.2468,28.57,72,59,7.59,TK,1690432449
286,acapulco de juarez,16.8634,-99.8901,29.9,70,75,3.6,MX,1690432449
287,neftegorsk,52.802,51.166,27.58,42,3,5.94,RU,1690432450
288,greymouth,-42.4667,171.2,8.28,75,50,2.29,NZ,1690432450
289,gaiman,-43.2897,-65.4929,3.28,69,84,2.27,AR,1690432450
290,zhigalovo,54.8097,105.1578,24.24,51,100,3.02,RU,1690432450
291,ghorawal,24.7667,82.7833,34.8,45,64,6.25,IN,1690432451
292,luderitz,-26.6481,15.1594,12.28,64,0,3.0,NA,1690432451
293,tolanaro,-25.0319,46.9987,18.04,77,75,3.09,MG,1690432452
294,arnprior,45.4334,-76.3494,22.49,95,100,1.52,CA,1690432434
295,invercargill,-46.4,168.35,7.37,75,99,6.21,NZ,1690432268
296,kruisfontein,-34.0033,24.7314,9.57,87,43,3.02,ZA,1690432453
297,korla,41.7597,86.1469,36.63,17,0,4.42,CN,1690432453
298,isangel,-19.55,169.2667,22.01,58,47,7.71,VU,1690432453
299,vilyuysk,63.7553,121.6247,24.12,28,76,3.04,RU,1690432454
300,greenville,35.6127,-77.3663,26.97,92,0,3.09,US,1690432205
301,kingaroy,-26.5333,151.8333,19.3,41,8,3.6,AU,1690432454
302,korschenbroich,51.1914,6.5135,15.6,92,100,2.06,DE,1690432454
303,puerto armuelles,8.2833,-82.8667,27.83,70,100,1.34,PA,1690432455
304,arish,31.1316,33.7984,28.7,63,0,0.41,EG,1690432455
305,valle de la pascua,9.2155,-66.0073,22.71,96,100,1.43,VE,1690432455
306,ust'-barguzin,53.45,108.9833,12.25,99,100,0.37,RU,1690432455
307,kuala terengganu,5.3302,103.1408,32.21,74,20,2.06,MY,1690432186
308,pandan,14.0453,124.1694,30.74,67,100,7.17,PH,1690432456
309,ocean shores,46.9737,-124.1563,16.64,90,95,3.13,US,1690432456
310,olyokminsk,60.3736,120.4264,30.39,38,23,4.43,RU,1690432456
311,flying fish cove,-10.4217,105.6791,25.82,78,75,6.69,CX,1690432456
312,gebre guracha,9.8,38.4,12.0,92,96,0.46,ET,1690432457
313,tshabong,-26.05,22.45,8.72,43,0,2.12,BW,1690432457
314,tougan,13.0667,-3.0667,27.57,65,97,4.12,BF,1690432457
315,taft,31.7471,54.2088,28.97,12,75,1.03,IR,1690432457
316,san martin,-33.081,-68.4681,8.3,53,91,2.14,AR,1690432458
317,ketchikan,55.3422,-131.6461,17.26,77,100,1.54,US,1690432458
318,mudgee,-32.5943,149.5871,18.77,40,0,2.89,AU,1690432458
319,balcarce,-37.8462,-58.2552,6.01,97,54,1.79,AR,1690432458
320,challapata,-18.9,-66.7667,4.26,26,0,1.91,BO,1690432459
321,munuf,30.4658,30.9316,26.38,52,0,1.41,EG,1690432168
322,coquimbo,-29.9533,-71.3436,13.56,88,100,1.45,CL,1690432397
323,nemuro,43.3236,145.575,20.45,87,97,3.51,JP,1690432459
324,taber,49.8167,-112.1518,18.91,55,8,7.72,CA,1690432460
325,lulea,65.5842,22.1547,16.04,88,0,1.54,SE,1690432460
326,manismata,-2.4667,111.0333,32.1,46,47,3.06,ID,1690432460
327,xindian,36.7975,118.2944,34.04,42,35,1.91,CN,1690432461
328,vanino,49.0869,140.2543,22.19,74,59,0.93,RU,1690432436
329,cabedelo,-6.9811,-34.8339,23.37,87,61,4.33,BR,1690432461
330,haiku-pauwela,20.9219,-156.3051,26.01,80,20,10.8,US,1690432461
331,kerikeri,-35.2268,173.9474,14.95,84,21,1.34,NZ,1690432462
332,viqueque,-8.8673,126.3658,24.34,75,89,2.58,TL,1690432462
333,kidal,18.4411,1.4078,31.58,39,68,4.04,ML,1690432462
334,gubakha,58.8386,57.5532,19.81,58,58,1.85,RU,1690432462
335,le port,-20.9373,55.2919,21.39,86,11,3.32,RE,1690432463
336,vegreville,53.5001,-112.0518,13.17,94,95,4.63,CA,1690432463
337,robore,-18.3333,-59.75,18.39,71,89,2.18,BO,1690432463
338,constitucion,-35.3333,-72.4167,8.81,79,41,2.57,CL,1690432257
339,finote selam,10.7,37.2667,15.79,95,98,0.75,ET,1690432464
340,cambria,35.5641,-121.0808,26.41,74,10,2.49,US,1690432464
341,moanda,-1.5575,13.2178,20.98,87,37,0.73,GA,1690432465
342,plattsburgh,44.6995,-73.4529,25.42,79,0,0.45,US,1690432465
343,gisborne,-38.6533,178.0042,9.92,75,67,4.2,NZ,1690432465
344,kone,-21.0595,164.8658,22.49,49,1,4.71,NC,1690432465
345,sur,22.5667,59.5289,30.36,65,84,3.36,OM,1690432466
346,ballina,-28.8667,153.5667,19.88,53,9,2.62,AU,1690432466
347,xai-xai,-25.0519,33.6442,14.15,85,0,3.59,MZ,1690432466
348,villa gesell,-37.2639,-56.973,5.03,87,35,5.92,AR,1690432203
349,mil'kovo,55.6078,37.7956,18.08,72,62,0.94,RU,1690432467
350,san carlos del zulia,9.0,-71.9135,25.21,87,100,1.12,VE,1690432467
351,sisimiut,66.9395,-53.6735,4.53,93,57,3.71,GL,1690432278
352,ratnagiri,16.9833,73.3,25.11,93,100,6.5,IN,1690432468
353,tralee,52.2704,-9.7026,15.53,99,100,2.63,IE,1690432468
354,nadym,65.5333,72.5167,24.45,52,17,3.42,RU,1690432469
355,sanctuary point,-35.1114,150.629,21.29,40,0,3.93,AU,1690432469
356,tazovsky,67.4667,78.7,19.93,65,11,1.43,RU,1690432469
357,cidreira,-30.1811,-50.2056,13.56,84,32,5.44,BR,1690432470
358,bontang,0.1333,117.5,29.65,67,74,5.19,ID,1690432470
359,taoudenni,22.6783,-3.9836,35.59,30,55,3.46,ML,1690432470
360,ghat,24.9647,10.1728,28.64,12,2,0.23,LY,1690432471
361,novoishimskiy,53.1981,66.7694,24.29,55,100,2.8,KZ,1690432471
362,ankang,32.68,109.0172,29.83,70,100,1.63,CN,1690432472
363,temperance,41.7792,-83.5688,23.1,100,75,0.0,US,1690432472
364,saint-philippe,-21.3585,55.7679,21.17,77,65,5.31,RE,1690432472
365,tura,25.5198,90.2201,29.28,73,99,3.23,IN,1690432473
366,kavaratti,10.5669,72.642,28.43,73,100,5.81,IN,1690432473
367,bridgewater,44.3835,-64.5155,19.82,90,40,3.6,CA,1690432473
368,aguazul,5.1728,-72.5471,22.68,93,67,1.73,CO,1690432473
369,bac lieu,9.285,105.7244,30.05,67,100,8.74,VN,1690432474
370,prineville,44.2999,-120.8345,24.39,23,40,5.66,US,1690432474
371,talcahuano,-36.7167,-73.1167,7.82,100,75,0.0,CL,1690432333
372,chandigarh,30.7343,76.7933,29.54,65,91,4.43,IN,1690432211
373,ressano garcia,-25.442,31.9913,14.02,70,0,2.1,MZ,1690432475
374,nova vicosa,-17.8919,-39.3719,20.94,77,4,1.44,BR,1690432475
375,jaffna,9.6685,80.0074,28.42,75,85,8.64,LK,1690432475
376,okahandja,-21.9833,16.9167,12.03,32,1,2.13,NA,1690432475
377,chambas,22.1928,-78.9136,25.87,87,89,3.15,CU,1690432476
378,maputo,-25.9653,32.5892,14.82,77,20,4.12,MZ,1690432476
379,dauphin,51.1494,-100.0502,17.08,82,0,4.12,CA,1690432369
380,malvan,16.0667,73.4667,25.12,92,100,8.15,IN,1690432476
381,vorkuta,67.5,64.0,16.26,83,99,2.14,RU,1690432477
382,presidente medici,-11.1753,-61.9014,22.89,52,54,0.13,BR,1690432477
383,kilindoni,-7.9139,39.6668,24.97,76,82,7.69,TZ,1690432477
384,sept-iles,50.2001,-66.3821,23.0,67,100,6.17,CA,1690432469
385,lethem,3.3803,-59.7968,23.59,94,100,0.41,GY,1690432478
386,novyye burasy,52.1324,46.0714,25.48,51,11,3.45,RU,1690432478
387,aur,8.1499,171.1687,28.38,76,100,4.19,MH,1690432478
388,la passe,45.5549,-0.8967,18.88,94,20,2.98,FR,1690432479
389,edd,13.9297,41.6925,35.92,45,64,0.96,ER,1690432479
390,ha'il,27.5219,41.6907,28.01,18,0,2.06,SA,1690432479
391,aldan,58.6031,125.3894,25.4,51,23,3.47,RU,1690432479
392,udachny,66.4167,112.4,21.92,40,100,3.41,RU,1690432479
393,selfoss,63.9331,-20.9971,8.36,75,88,3.51,IS,1690432434
394,vangaindrano,-23.35,47.6,18.39,74,88,1.75,MG,1690432480
395,grande prairie,55.1667,-118.8027,14.1,94,100,5.14,CA,1690432460
396,queenstown,-31.8976,26.8753,8.78,86,23,1.75,ZA,1690432480
397,manakara,-22.1333,48.0167,18.64,69,96,2.64,MG,1690432480
398,tangalle,6.024,80.7911,32.09,63,100,5.87,LK,1690432481
399,enterprise,36.0252,-115.2419,39.12,18,20,3.09,US,1690432481
400,ad dilam,23.9915,47.1627,33.23,11,47,0.67,SA,1690432481
401,pursat,12.3333,103.6667,31.47,62,88,2.28,KH,1690432481
402,bikenibeu village,1.3673,173.1241,30.98,66,20,2.06,KI,1690432481
403,paracuru,-3.41,-39.0306,26.73,84,6,6.02,BR,1690432481
404,mhamid,29.82,-5.72,32.75,6,0,3.36,MA,1690432482
405,el granada,37.5027,-122.4694,18.3,87,100,6.17,US,1690432482
406,santa vitoria do palmar,-33.5189,-53.3681,8.77,87,0,5.14,BR,1690432482
407,dinguiraye,11.3,-10.7167,21.18,96,68,0.9,GN,1690432482
408,panjab,34.388,67.0233,21.93,20,6,4.0,AF,1690432482
409,saynshand,44.8824,110.1163,29.17,23,9,4.37,MN,1690432482
410,jayapura,-2.5333,140.7,29.66,93,100,2.32,ID,1690432483
411,burnie,-41.0667,145.9167,13.03,78,97,4.03,AU,1690432274
412,miyaly,48.8844,53.7836,29.49,35,4,2.02,KZ,1690432483
413,tsiombe,-25.3,45.4833,19.38,54,0,6.37,MG,1690432483
414,nieuw amsterdam,5.8833,-55.0833,26.12,90,100,2.77,SR,1690432240
415,zhezqazghan,47.7833,67.7667,23.32,49,20,7.0,KZ,1690432483
416,alloa,56.1159,-3.79,14.06,92,100,1.79,GB,1690432483
417,new norfolk,-42.7826,147.0587,13.29,47,100,2.24,AU,1690432260
418,alofi,-19.0595,-169.9187,21.94,83,97,3.09,NU,1690432484
419,san fernando de apure,7.8878,-67.4724,23.31,97,92,1.85,VE,1690432484
420,clarksville,36.5298,-87.3595,28.1,79,0,5.14,US,1690432484
421,lompoc,34.6391,-120.4579,17.08,88,100,4.63,US,1690432484
422,alapayevsk,57.8516,61.6963,21.91,53,38,3.39,RU,1690432484
423,weldon spring,38.7134,-90.6893,30.95,67,20,4.12,US,1690432485
424,beira,-19.8436,34.8389,15.05,94,20,2.57,MZ,1690432485
425,mogocha,53.7333,119.7667,27.77,45,95,3.87,RU,1690432485
426,ust-nera,64.5667,143.2,14.5,54,95,3.45,RU,1690432343
427,kailua-kona,19.6406,-155.9956,28.06,86,100,4.12,US,1690432232
428,bardai,11.65,7.2333,22.4,82,99,5.33,NG,1690432485
429,atar,20.5169,-13.0499,32.47,17,53,5.05,MR,1690432485
430,sorong,-0.8833,131.25,28.81,74,36,6.41,ID,1690432486
431,arkadelphia,34.1209,-93.0538,28.54,94,0,0.0,US,1690432486
432,broome,42.2506,-75.833,24.79,77,40,3.6,US,1690432286
433,luanda,-8.8368,13.2343,20.0,94,75,1.54,AO,1690432486
434,ponta delgada,37.7333,-25.6667,21.4,88,20,2.06,PT,1690432476
435,fort st. john,56.2499,-120.8529,14.94,94,100,4.12,CA,1690432486
436,mezhova,48.2532,36.7347,25.16,48,0,5.56,UA,1690432487
437,margate,51.3813,1.3862,16.61,95,100,4.47,GB,1690432487
438,morant bay,17.8815,-76.4093,28.73,83,86,3.23,JM,1690432487
439,fada,9.5667,8.3,19.72,95,88,0.55,NG,1690432487
440,portland,45.5234,-122.6762,23.99,51,75,5.14,US,1690432197
441,funafuti,-8.5243,179.1942,30.0,84,100,6.17,TV,1690432487
442,berdigestyakh,62.0989,126.6992,25.29,41,100,1.95,RU,1690432400
443,pacific grove,36.6177,-121.9166,15.21,92,100,1.79,US,1690432488
444,christchurch,-43.5333,172.6333,10.51,52,20,8.75,NZ,1690432286
445,vila franca do campo,37.7167,-25.4333,21.23,88,3,2.67,PT,1690432488
446,sandnessjoen,66.0217,12.6316,14.29,94,75,2.57,NO,1690432488
447,muana,-1.5283,-49.2167,24.2,88,41,2.11,BR,1690432488
448,bellegarde-sur-valserine,46.1079,5.8242,13.28,78,34,0.66,FR,1690432488
449,happy valley-goose bay,53.3168,-60.3315,19.17,63,40,3.09,CA,1690432488
450,tarauaca,-8.1614,-70.7656,23.74,60,35,1.07,BR,1690432488
451,tofol,5.3248,163.0078,28.52,72,100,2.17,FM,1690432489
452,tank,32.2217,70.3793,35.09,44,3,2.06,PK,1690432489
453,rajura,19.7833,79.3667,30.07,78,96,4.07,IN,1690432489
454,conceicao da barra,-18.5933,-39.7322,19.11,87,3,0.21,BR,1690432489
455,malango,-2.9627,119.9001,28.26,51,29,2.01,ID,1690432489
456,vadso,70.0744,29.7487,10.09,93,100,3.09,NO,1690432381
457,wellston,39.1234,-82.5329,27.73,67,80,4.4,US,1690432491
458,coxim,-18.5067,-54.76,21.94,37,0,1.18,BR,1690432491
459,oriximina,-1.7656,-55.8661,26.55,66,56,1.28,BR,1690432349
460,koniecpol,50.7747,19.689,11.83,83,88,3.0,PL,1690432491
461,nadi,-17.8,177.4167,21.0,83,100,4.12,FJ,1690432491
462,aksu,41.1231,80.2644,34.16,21,89,2.69,CN,1690432266
463,bentiu,9.2333,29.8333,21.8,93,100,1.46,SS,1690432492
464,lata,40.1629,-8.3327,16.71,93,88,1.15,PT,1690432492
465,caburan,5.9181,125.6411,29.5,71,96,6.59,PH,1690432492
466,tenenkou,14.4572,-4.9169,30.69,53,100,5.39,ML,1690432492
467,evinayong,1.4368,10.5512,20.12,99,100,0.87,GQ,1690432492
468,wurtulla,-26.7568,153.1256,20.04,66,90,2.24,AU,1690432493
469,sale,34.0389,-6.8166,22.38,68,75,1.54,MA,1690432493
470,mount pearl,47.5166,-52.7813,18.19,82,100,8.75,CA,1690432486
471,progreso,21.2833,-89.6667,28.06,88,92,4.76,MX,1690432493
472,cristalina,-16.7686,-47.6136,14.69,43,0,1.21,BR,1690432493
473,nagqu,31.5,92.0,6.75,85,100,2.39,CN,1690432493
474,ewo,-0.8725,14.8206,25.02,71,100,2.33,CG,1690432493
475,enniskillen,54.3461,-7.6413,14.81,98,100,1.85,GB,1690432494
476,manali,13.1667,80.2667,31.05,69,98,8.62,IN,1690432494
477,santa ana,33.7456,-117.8678,31.13,67,20,3.6,US,1690432223
478,miches,18.9836,-69.0476,26.1,84,100,2.39,DO,1690432494
479,tocopilla,-22.092,-70.1979,16.88,74,47,2.23,CL,1690432332
480,vernon,50.2581,-119.2691,21.2,52,1,2.06,CA,1690432221
481,itanhem,-17.1664,-40.33,18.59,93,77,1.31,BR,1690432494
482,gadzhiyevo,69.2551,33.3362,11.02,92,100,0.61,RU,1690432408
483,princeville,45.7668,-61.2985,21.36,89,0,3.09,CA,1690432495
484,naze,28.3667,129.4833,23.51,80,100,6.65,JP,1690432266
485,maralal,1.0968,36.698,15.1,69,53,1.59,KE,1690432495
486,ceeldheer,3.8488,47.1806,25.96,72,83,9.5,SO,1690432495
487,santa marta,11.2408,-74.199,28.03,83,75,2.57,CO,1690432325
488,balqash,46.8481,74.995,30.33,28,40,10.0,KZ,1690432495
489,mossel bay,-34.1831,22.146,9.96,81,16,2.89,ZA,1690432496
490,ishigaki,24.3448,124.1572,26.07,94,75,9.26,JP,1690432496
491,port hedland,-20.3167,118.5667,28.03,26,75,3.09,AU,1690432496
492,hanceville,34.0607,-86.7675,25.09,69,33,0.05,US,1690432496
493,mili,6.0815,171.735,27.91,76,31,2.54,MH,1690432496
494,susuman,62.7833,148.1667,9.47,82,100,1.81,RU,1690432496
495,floro,61.5996,5.0328,15.04,88,75,3.6,NO,1690432497
496,saint-pierre,-21.3393,55.4781,21.21,77,93,3.09,RE,1690432497
497,sao tome,0.3365,6.7273,24.05,87,93,3.72,ST,1690432497
498,guarapari,-20.6667,-40.4975,19.94,89,45,4.01,BR,1690432497
499,callao,-12.0667,-77.15,20.16,77,100,3.09,PE,1690432497
500,znamenskoye,57.1281,73.8282,23.65,55,71,2.11,RU,1690432497
501,whakatane,-37.9585,176.9854,12.1,87,86,1.34,NZ,1690432498
502,basco,20.4487,121.9702,28.76,77,100,11.27,PH,1690432498
503,saldanha,-33.0117,17.9442,11.03,86,97,4.19,ZA,1690432498
504,yamada,39.4667,141.95,27.86,72,54,0.4,JP,1690432498
505,licheng,23.2955,113.8284,35.05,51,35,3.4,CN,1690432498
506,praia da vitoria,38.7333,-27.0667,23.2,88,20,3.32,PT,1690432396
507,seydisehir,37.4193,31.8453,27.27,22,0,1.09,TR,1690432498
508,birstein,50.35,9.3,14.43,86,100,2.41,DE,1690432499
509,les avirons,-21.2418,55.3394,19.44,77,87,3.09,RE,1690432499
510,agapovka,53.2973,59.1348,23.56,53,36,3.34,RU,1690432499
511,jamul,32.717,-116.8761,27.57,64,0,2.57,US,1690432499
512,nyurba,63.2842,118.3319,23.3,33,56,3.51,RU,1690432329
513,port moresby,-9.4431,147.1797,29.68,70,75,5.14,PG,1690432265
514,sinop,41.7711,34.8709,26.69,42,0,4.95,TR,1690432499
515,kamiiso,41.8167,140.65,27.21,83,40,6.17,JP,1690432500
516,poronaysk,49.2167,143.1167,25.27,65,54,1.24,RU,1690432500
517,guiuan,11.0333,125.7247,29.48,75,99,7.56,PH,1690432500
518,baranchinskiy,58.1617,59.6991,21.86,48,48,2.91,RU,1690432500
519,port douglas,-16.4833,145.4667,22.1,81,59,7.8,AU,1690432242
520,bulawayo,-20.15,28.5833,9.17,85,0,2.19,ZW,1690432500
521,champerico,14.3,-91.9167,28.04,74,22,1.09,GT,1690432500
522,coronado,32.6859,-117.1831,26.87,87,20,3.09,US,1690432501
523,alaghsas,17.0187,8.0168,30.45,45,91,5.95,NE,1690432501
524,codrington,-38.2667,141.9667,15.94,64,25,7.78,AU,1690432417
525,zaozersk,69.4005,32.4476,11.26,91,100,0.83,RU,1690432501
526,dolores,-36.3132,-57.6792,5.24,86,48,3.71,AR,1690432201
527,del rio,29.3627,-100.8968,33.06,28,0,3.6,US,1690432501
528,pestovo,58.5938,35.8024,15.72,93,50,3.17,RU,1690432502
529,tvoroyri,61.5556,-6.8111,10.02,84,39,6.54,FO,1690432502
530,prince rupert,54.3161,-130.3201,15.83,90,0,4.63,CA,1690432503
531,zyryanovsk,49.7386,84.2719,31.0,22,93,1.8,KZ,1690432503
532,hit,33.6416,42.8251,37.89,12,0,4.14,IQ,1690432504
533,teknaf,20.8624,92.3058,29.21,79,94,4.61,BD,1690432504
534,el calafate,-50.3408,-72.2768,-4.15,70,100,0.84,AR,1690432287
535,zholymbet,51.7433,71.7122,22.43,58,34,3.13,KZ,1690432505
536,aykhal,66.0,111.5,15.52,64,100,3.95,RU,1690432505
537,okhotsk,59.3833,143.3,18.98,77,72,3.15,RU,1690432505
538,cam pha mines,21.0167,107.3,32.58,56,100,3.28,VN,1690432506
539,riyadh,24.6877,46.7219,32.08,12,60,2.79,SA,1690432207
540,priargunsk,50.3691,119.1012,26.19,53,100,5.93,RU,1690432506
541,azangaro,-14.9167,-70.2167,0.31,65,0,2.36,PE,1690432506
542,west bay,19.3667,-81.4167,29.44,82,29,1.34,KY,1690432507
543,port augusta,-32.5,137.7667,18.09,46,89,3.93,AU,1690432507
544,lewisburg,35.4492,-86.7889,26.7,95,20,0.0,US,1690432507
545,st. paul,44.9444,-93.0933,27.65,83,0,2.06,US,1690432424
546,tasek glugor,5.4803,100.4985,31.96,79,20,1.54,MY,1690432508
547,kozhevnikovo,56.2589,83.9714,26.31,41,68,2.13,RU,1690432508
548,sao vicente,-23.9631,-46.3919,24.59,26,4,2.63,BR,1690432508
549,tyukalinsk,55.8732,72.1967,25.0,42,8,3.74,RU,1690432509
550,bandar-e anzali,37.4727,49.4622,26.06,66,0,1.39,IR,1690432509
